DistanceValue,Percentage
1,0.09125316
2,0.14995968
3,0.1263814
4,0.14082754
5,0.15142854
6,0.1579774
7,0.16858828
8,0.17525567
9,0.18937652
10,0.2106577
11,0.21405064
12,0.2022257
13,0.18882836
14,0.18276265
15,0.19316153
16,0.19127347
17,0.16409549
18,0.25801677
19,0.17583835
20,0.16885267
21,0.17226231
22,0.17842074
23,0.23058219
25,0.18464975
